Date,Open,High,Low,Close,Volume
2023-01-13,5.7,5.81,5.7,5.76,546100
2023-01-17,5.79,5.84,5.73,5.79,498100
2023-01-18,5.82,5.9,5.78,5.82,501300
2023-01-19,5.8,5.81,5.65,5.78,709100
2023-01-20,5.82,5.82,5.71,5.75,688900
2023-01-23,5.7,5.77,5.66,5.7,450500
2023-01-24,5.7,5.7,5.6,5.63,410800
2023-01-25,5.58,5.63,5.57,5.6,497100
2023-01-26,5.6,5.62,5.52,5.6,800200
2023-01-27,5.61,5.65,5.52,5.59,2844400
2023-01-30,5.55,5.59,5.52,5.58,2275700
2023-01-31,5.58,5.81,5.56,5.76,5290800
2023-02-01,5.76,5.9,5.73,5.79,1801200
2023-02-02,5.82,6.01,5.79,5.91,1295900
2023-02-03,5.84,5.91,5.57,5.83,1704800
2023-02-06,5.77,5.83,5.7,5.77,881200
2023-02-07,5.75,5.84,5.73,5.84,971700
2023-02-08,5.78,5.92,5.77,5.88,678800
2023-02-09,5.95,5.98,5.92,5.96,557500
2023-02-10,5.95,6.04,5.92,6.02,3380100
2023-02-13,6.0,6.18,5.98,6.16,1265200
2023-02-14,6.11,6.12,6.02,6.07,1593600
2023-02-15,6.06,6.16,6.01,6.16,1075500
2023-02-16,6.09,6.25,6.04,6.21,3058700
2023-02-17,6.23,6.3,6.18,6.29,2754600
2023-02-21,6.26,6.26,6.08,6.11,1587100
2023-02-22,6.1,6.14,6.06,6.08,1602800
2023-02-23,6.11,6.16,6.01,6.07,1790300
2023-02-24,5.99,6.08,5.95,6.08,1085700
2023-02-27,6.1,6.14,5.95,5.95,663900
2023-02-28,5.93,6.01,5.93,5.97,984400
2023-03-01,5.92,6.04,5.89,6.0,1471700
2023-03-02,5.98,6.0,5.95,5.97,865500
2023-03-03,6.0,6.0,5.94,5.96,696400
2023-03-06,5.95,5.99,5.89,5.9,1025100
2023-03-07,5.9,5.91,5.81,5.82,1126900
2023-03-08,5.83,5.88,5.8,5.87,1071200
2023-03-09,5.89,5.96,5.82,5.9,1276800
2023-03-10,5.87,5.94,5.77,5.8,1267100
2023-03-13,5.71,5.78,5.64,5.65,1714400
2023-03-14,5.83,5.83,5.73,5.75,1076300
2023-03-15,5.61,5.71,5.59,5.7,1327000
2023-03-16,5.64,5.77,5.62,5.72,1127400
2023-03-17,5.66,5.69,5.53,5.62,3590300
2023-03-20,5.64,5.72,5.63,5.67,968500
2023-03-21,5.75,5.88,5.72,5.78,1599300
2023-03-22,5.77,5.82,5.68,5.69,997100
2023-03-23,5.69,5.73,5.66,5.69,742900
2023-03-24,5.65,5.83,5.6,5.81,727800
2023-03-27,5.91,5.91,5.77,5.81,900300
2023-03-28,5.77,5.82,5.74,5.76,435000
2023-03-29,5.76,5.77,5.67,5.77,978600
2023-03-30,5.8,5.84,5.75,5.79,471000
2023-03-31,5.82,5.86,5.79,5.86,870100
2023-04-03,5.84,5.89,5.77,5.83,1153000
2023-04-04,5.88,5.93,5.82,5.9,1371200
2023-04-05,5.85,5.87,5.82,5.86,922200
2023-04-06,5.9,5.97,5.86,5.95,1159100
2023-04-10,5.91,5.98,5.9,5.92,617400
2023-04-11,6.02,6.27,6.01,6.1,2591200
2023-04-12,6.18,6.3,6.16,6.25,1526800
2023-04-13,6.3,6.34,6.23,6.33,960300
2023-04-14,6.34,6.42,6.28,6.42,1418600
2023-04-17,6.45,6.5,6.37,6.43,1210300
2023-04-18,6.46,6.54,6.42,6.47,1802800
2023-04-19,6.45,6.5,6.4,6.45,1328100
2023-04-20,6.44,6.54,6.39,6.54,784700
2023-04-21,6.54,6.55,6.42,6.49,763600
2023-04-24,6.45,6.49,6.39,6.41,1202400
2023-04-25,6.37,6.42,6.25,6.25,1080500
2023-04-26,6.2,6.27,6.17,6.18,1292300
2023-04-27,6.2,6.26,6.14,6.16,1753400
2023-04-28,6.54,6.54,6.17,6.24,1716700
2023-05-01,6.25,6.3,6.09,6.11,1143800
2023-05-02,6.11,6.25,6.05,6.2,1909500
2023-05-03,6.23,6.34,6.21,6.29,1585200
2023-05-04,6.24,6.37,6.23,6.37,1229400
2023-05-05,6.43,6.56,6.39,6.55,1059000
2023-05-08,6.56,6.58,6.5,6.53,1083300
2023-05-09,6.48,6.68,6.48,6.64,1111500
2023-05-10,6.71,6.72,6.55,6.57,1204500
2023-05-11,6.69,7.26,6.66,7.01,5915800
2023-05-12,7.02,7.07,6.96,7.0,1684700
2023-05-15,7.12,7.17,6.99,7.02,1458600
2023-05-16,7.03,7.03,6.95,7.01,1051000
2023-05-17,7.06,7.07,6.98,6.99,1064200
2023-05-18,6.99,7.08,6.98,7.02,1591200
2023-05-19,7.07,7.12,6.94,7.01,2266100
2023-05-22,7.05,7.09,6.97,7.01,940900
2023-05-23,6.97,7.04,6.95,6.96,1322200
2023-05-24,6.96,6.98,6.84,6.86,965200
2023-05-25,6.82,6.88,6.76,6.8,844000
2023-05-26,6.78,6.84,6.76,6.84,797800
2023-05-30,6.84,6.9,6.77,6.82,1096200
2023-05-31,6.81,6.85,6.76,6.8,1330700
2023-06-01,6.82,6.98,6.77,6.89,1736600
2023-06-02,6.97,7.03,6.94,7.01,923200
2023-06-05,6.97,7.04,6.92,7.01,968400
2023-06-06,7.02,7.23,7.02,7.2,1933600
2023-06-07,7.21,7.43,7.21,7.32,1236500
2023-06-08,7.31,7.37,7.24,7.26,1033500
2023-06-09,7.24,7.29,7.14,7.16,997500
2023-06-12,7.17,7.19,7.12,7.14,1494500
2023-06-13,7.13,7.39,7.13,7.38,1332100
2023-06-14,7.37,7.49,7.29,7.31,1164200
2023-06-15,7.31,7.35,7.15,7.21,1311000
2023-06-16,7.29,7.36,6.9,6.97,3409900
2023-06-20,6.97,6.99,6.88,6.88,858600
2023-06-21,6.88,7.03,6.76,7.0,1087400
2023-06-22,6.98,6.98,6.89,6.93,1024900
2023-06-23,6.91,6.94,6.8,6.82,1231000
2023-06-26,6.78,6.87,6.78,6.82,833400
2023-06-27,6.82,6.85,6.79,6.79,455300
2023-06-28,6.82,6.87,6.76,6.86,684000
2023-06-29,6.86,7.0,6.86,7.0,729400
2023-06-30,7.01,7.03,6.86,6.86,706000
2023-07-03,6.86,6.91,6.82,6.82,516500
2023-07-05,6.79,6.87,6.7,6.84,1365000
2023-07-06,6.77,6.82,6.72,6.8,890600
2023-07-07,6.81,6.9,6.8,6.82,607600
2023-07-10,6.8,6.85,6.77,6.83,486100
2023-07-11,6.82,6.84,6.73,6.78,888900
2023-07-12,6.86,6.86,6.8,6.81,1042600
2023-07-13,6.81,7.13,6.81,7.1,1057200
2023-07-14,7.07,7.1,6.99,7.05,577600
2023-07-17,7.02,7.19,7.0,7.17,911300
2023-07-18,7.16,7.31,7.16,7.3,597600
2023-07-19,7.31,7.43,7.31,7.41,800800
2023-07-20,7.41,7.42,7.25,7.3,873600
2023-07-21,7.35,7.35,7.14,7.16,790800
2023-07-24,7.18,7.2,7.11,7.14,935300
2023-07-25,7.09,7.14,7.03,7.13,806300
2023-07-26,7.11,7.17,7.03,7.04,532500
2023-07-27,7.04,7.1,6.97,6.98,947300
2023-07-28,7.23,7.23,6.61,6.75,1958400
2023-07-31,6.84,7.14,6.78,6.96,1991800
2023-08-01,7.0,7.01,6.87,6.89,797800
2023-08-02,6.79,6.82,6.53,6.61,1125900
2023-08-03,6.57,6.63,6.51,6.51,535800
2023-08-04,6.5,6.59,6.48,6.49,486500
2023-08-07,6.48,6.61,6.46,6.58,738900
2023-08-08,6.5,6.56,6.37,6.44,731900
2023-08-09,6.44,6.66,6.41,6.63,929400
2023-08-10,6.63,6.76,6.63,6.67,1677700
2023-08-11,6.63,6.73,6.63,6.7,734300
2023-08-14,6.66,6.8,6.62,6.79,819800
2023-08-15,6.74,6.94,6.71,6.87,2167700
2023-08-16,6.9,6.95,6.8,6.93,1434300
2023-08-17,6.94,7.13,6.94,7.04,1150700
2023-08-18,6.97,7.27,6.97,7.23,1225900
2023-08-21,7.2,7.21,7.02,7.09,1612500
2023-08-22,7.1,7.17,6.96,7.02,1309100
2023-08-23,7.06,7.06,6.98,7.0,1179300
2023-08-24,7.0,7.07,6.91,6.94,656600
2023-08-25,6.97,7.04,6.91,7.0,807900
2023-08-28,7.06,7.07,6.99,7.02,838800
2023-08-29,6.99,7.15,6.98,7.12,858500
2023-08-30,7.1,7.37,7.1,7.29,1791500
2023-08-31,7.27,7.31,7.19,7.3,1036000
2023-09-01,7.33,7.55,7.31,7.34,1446300
2023-09-05,7.3,7.39,7.05,7.12,1499200
2023-09-06,7.18,7.23,7.12,7.23,763400
2023-09-07,7.22,7.26,7.15,7.22,1188300
2023-09-08,7.23,7.23,7.12,7.14,493500
2023-09-11,7.14,7.18,7.05,7.09,881000
2023-09-12,7.1,7.15,7.05,7.13,1053300
2023-09-13,7.13,7.14,7.04,7.07,1139200
2023-09-14,7.15,7.19,7.06,7.15,653800
2023-09-15,7.13,7.22,7.08,7.21,2246900
2023-09-18,7.21,7.24,7.15,7.17,669700
2023-09-19,7.19,7.21,7.14,7.17,590400
2023-09-20,7.17,7.22,7.16,7.18,393900
2023-09-21,7.15,7.28,7.05,7.2,707900
2023-09-22,7.19,7.23,7.08,7.09,443500
2023-09-25,7.03,7.12,7.01,7.03,464100
2023-09-26,7.02,7.04,6.74,6.82,938300
2023-09-27,6.82,6.97,6.82,6.93,1052300
2023-09-28,6.98,7.5,6.96,7.11,2503800
2023-09-29,7.15,7.16,6.99,7.0,986900
2023-10-02,7.01,7.06,6.97,7.0,1346100
2023-10-03,6.96,6.96,6.7,6.75,2069500
2023-10-04,7.18,7.23,6.92,7.06,1425100
2023-10-05,7.1,7.1,6.98,7.08,711200
2023-10-06,7.05,7.12,7.0,7.03,776500
2023-10-09,7.0,7.03,6.95,6.98,505000
2023-10-10,7.0,7.04,6.91,6.91,891200
2023-10-11,6.97,7.08,6.94,7.01,692700
2023-10-12,6.93,6.93,6.79,6.84,585900
2023-10-13,6.85,6.88,6.73,6.83,682500
2023-10-16,6.95,7.04,6.92,6.95,877800
2023-10-17,6.98,7.05,6.95,6.97,656600
2023-10-18,6.91,6.92,6.85,6.88,653600
2023-10-19,6.83,6.86,6.71,6.71,770800
2023-10-20,6.74,6.83,6.67,6.76,1082000
2023-10-23,6.74,6.81,6.6,6.6,890200
2023-10-24,6.68,6.85,6.66,6.68,1391900
2023-10-25,6.64,6.66,6.57,6.58,553300
2023-10-26,6.62,6.7,6.56,6.57,793100
2023-10-27,6.49,6.56,6.06,6.21,1739600
2023-10-30,6.23,6.39,6.21,6.33,1019500
2023-10-31,6.31,6.33,6.17,6.2,1139500
2023-11-01,6.23,6.28,6.14,6.27,843800
2023-11-02,6.32,6.36,6.23,6.27,835000
2023-11-03,6.39,6.5,6.32,6.42,1785900
2023-11-06,6.43,6.46,6.36,6.41,532700
2023-11-07,6.36,6.45,6.32,6.4,851700
2023-11-08,6.37,6.37,6.24,6.27,551900
2023-11-09,6.32,6.52,6.3,6.4,1047000
2023-11-10,6.45,6.63,6.39,6.6,893700
2023-11-13,6.6,6.67,6.54,6.57,680700
2023-11-14,6.73,6.79,6.7,6.78,647000
2023-11-15,6.79,6.83,6.68,6.69,899900
2023-11-16,6.7,6.7,6.6,6.62,704300
2023-11-17,6.67,6.69,6.58,6.58,1049700
2023-11-20,6.6,6.62,6.47,6.49,1644500
2023-11-21,6.6,6.6,6.41,6.41,1180000
2023-11-22,6.54,6.71,6.45,6.66,2657500
2023-11-24,6.67,6.71,6.58,6.6,307600
2023-11-27,6.58,6.62,6.43,6.5,1182500
2023-11-28,6.5,6.5,6.32,6.33,722600
2023-11-29,6.37,6.51,6.37,6.45,3201200
2023-11-30,6.5,6.57,6.45,6.51,1787300
2023-12-01,6.49,6.66,6.47,6.59,1607000
2023-12-04,6.59,6.68,6.54,6.68,1682600
2023-12-05,6.65,6.73,6.62,6.64,1044500
2023-12-06,6.68,6.77,6.57,6.59,758000
2023-12-07,6.6,6.67,6.52,6.55,1172700
2023-12-08,6.51,6.56,6.42,6.48,1032800
2023-12-11,6.49,6.53,6.4,6.45,1016200
2023-12-12,6.44,6.54,6.44,6.47,1145600
2023-12-13,6.42,6.47,6.27,6.36,2688100
2023-12-14,6.53,6.61,6.41,6.53,3098000
2023-12-15,6.55,6.55,6.25,6.34,4013600
2023-12-18,6.41,6.48,6.33,6.39,1585700
2023-12-19,6.47,6.58,6.45,6.58,1958600
2023-12-20,6.56,6.76,6.55,6.57,1162600
2023-12-21,6.61,6.72,6.6,6.7,1242600
2023-12-22,6.74,6.78,6.63,6.69,755800
2023-12-26,6.7,6.79,6.66,6.76,724600
2023-12-27,6.77,6.79,6.69,6.7,629700
2023-12-28,6.99,7.27,6.95,7.13,3062100
2023-12-29,7.14,7.23,6.93,6.93,1088400
2024-01-02,6.87,6.92,6.72,6.77,872500
2024-01-03,6.77,6.81,6.62,6.63,1155000
2024-01-04,6.67,6.79,6.57,6.78,1434200
2024-01-05,6.71,6.92,6.7,6.87,1370900
2024-01-08,6.89,6.95,6.87,6.94,843000
2024-01-09,6.85,6.98,6.83,6.94,980200
2024-01-10,6.95,7.01,6.91,7.0,888400
2024-01-11,7.05,7.06,6.85,6.97,1120500
2024-01-12,7.07,7.08,6.87,7.0,947600
2024-01-16,6.98,7.18,6.95,7.15,1047800
2024-01-17,7.09,7.26,7.04,7.25,851500
2024-01-18,7.3,7.35,7.17,7.28,874300
2024-01-19,7.32,7.4,7.29,7.39,776300
2024-01-22,7.45,7.48,7.32,7.47,1176400
2024-01-23,7.52,7.54,7.32,7.34,838100
2024-01-24,7.43,7.43,7.23,7.24,575700
2024-01-25,7.35,7.35,7.1,7.13,988000
2024-01-26,7.16,7.19,7.04,7.06,688900
2024-01-29,7.06,7.13,7.04,7.13,926700
2024-01-30,7.09,7.18,6.94,6.97,969500
2024-01-31,6.97,6.97,6.75,6.77,1133200
2024-02-01,6.81,6.88,6.72,6.76,1091400
2024-02-02,7.01,7.15,6.68,6.81,1246100
2024-02-05,6.75,6.9,6.67,6.88,1348100
2024-02-06,6.9,7.02,6.88,6.94,1166700
2024-02-07,6.95,6.95,6.78,6.89,873300
2024-02-08,6.91,6.96,6.79,6.95,1014400
2024-02-09,6.96,7.08,6.93,7.07,1178100
2024-02-12,7.06,7.28,7.06,7.25,1198100
2024-02-13,7.06,7.31,7.04,7.19,1548400
2024-02-14,7.39,7.43,7.29,7.4,1144800
2024-02-15,7.41,7.49,7.27,7.3,1607900
2024-02-16,7.3,7.36,7.16,7.3,1022300
2024-02-20,7.22,7.35,7.2,7.34,700400
2024-02-21,7.3,7.45,7.29,7.43,923100
2024-02-22,7.4,7.45,7.28,7.4,1495900
2024-02-23,7.39,7.65,7.39,7.64,804000
2024-02-26,7.78,7.97,7.74,7.92,1457800
2024-02-27,7.96,8.02,7.79,7.94,1209600
2024-02-28,7.88,8.15,7.88,8.07,1085500
2024-02-29,8.11,8.19,8.03,8.06,1078700
2024-03-01,8.04,8.1,7.99,8.04,909900
2024-03-04,8.04,8.08,8.0,8.04,922200
2024-03-05,8.04,8.08,7.94,7.99,851200
2024-03-06,8.2,8.34,8.05,8.26,1496500
2024-03-07,8.3,8.32,8.19,8.27,1050900
2024-03-08,8.32,8.49,8.3,8.42,940100
2024-03-11,8.38,8.52,8.34,8.51,832800
2024-03-12,8.49,8.57,8.38,8.53,842400
2024-03-13,8.52,8.56,8.45,8.56,782600
2024-03-14,8.53,8.64,8.46,8.61,1194400
2024-03-15,8.55,8.96,8.55,8.93,2701800
2024-03-18,8.93,9.17,8.83,8.88,1414600
2024-03-19,8.84,9.03,8.78,8.95,897300
2024-03-20,8.95,9.04,8.79,8.91,1253900
2024-03-21,9.09,9.09,8.91,9.02,1506700
2024-03-22,9.02,9.02,8.75,8.82,945400
2024-03-25,8.82,8.84,8.76,8.77,562800
2024-03-26,8.79,8.92,8.76,8.84,1198200
2024-03-27,8.53,8.94,8.4,8.93,1749200
2024-03-28,8.97,9.23,8.97,9.19,1592600
2024-04-01,9.26,9.26,9.01,9.08,1986200
2024-04-02,9.02,9.13,8.93,9.04,1646300
2024-04-03,9.32,9.65,9.22,9.64,2256400
2024-04-04,9.67,9.69,9.46,9.52,1520200
2024-04-05,9.53,9.65,9.44,9.6,1295300
2024-04-08,9.6,9.62,9.4,9.52,1359200
2024-04-09,9.57,9.57,9.22,9.28,1649100
2024-04-10,9.17,9.37,9.07,9.18,1383900
2024-04-11,9.23,9.23,9.07,9.12,1058200
2024-04-12,9.15,9.23,9.05,9.05,953300
2024-04-15,9.11,9.11,8.89,8.92,988800
2024-04-16,8.89,8.89,8.76,8.78,992500
2024-04-17,8.85,8.86,8.68,8.68,1289100
2024-04-18,8.72,8.82,8.64,8.77,1114800
2024-04-19,8.77,8.87,8.72,8.73,898100
2024-04-22,8.76,8.98,8.7,8.95,1480200
2024-04-23,8.95,8.99,8.81,8.97,758100
2024-04-24,8.95,8.97,8.83,8.85,816200
2024-04-25,8.76,8.83,8.67,8.77,1201300
2024-04-26,8.92,8.93,7.96,8.65,1926600
2024-04-29,8.65,8.97,8.58,8.92,1472300
2024-04-30,8.89,9.04,8.81,8.9,1082100
2024-05-01,8.88,9.05,8.81,8.95,1351400
2024-05-02,9.02,9.12,8.88,9.07,985100
2024-05-03,9.14,9.26,9.06,9.26,1126500
2024-05-06,9.33,9.49,9.3,9.43,828400
2024-05-07,9.43,9.73,9.17,9.2,1533800
2024-05-08,9.16,9.46,9.16,9.38,829500
2024-05-09,9.37,9.43,9.18,9.22,510800
2024-05-10,9.24,9.29,8.99,9.05,1010300
2024-05-13,9.05,9.12,8.99,9.06,1044900
2024-05-14,9.2,9.32,9.16,9.3,1024300
2024-05-15,9.34,9.59,9.33,9.55,1058300
2024-05-16,9.53,9.55,9.37,9.39,565000
2024-05-17,9.43,9.49,9.42,9.45,490900
2024-05-20,9.43,9.55,9.43,9.52,439700
2024-05-21,9.51,9.72,9.45,9.72,494200
2024-05-22,9.71,9.79,9.61,9.72,611100
2024-05-23,9.74,9.86,9.72,9.8,840300
2024-05-24,9.86,9.92,9.81,9.89,604900
2024-05-28,9.93,10.0,9.82,9.91,908900
2024-05-29,9.79,9.87,9.75,9.79,595400
2024-05-30,9.82,9.98,9.8,9.94,563800
2024-05-31,9.98,10.01,9.8,9.97,1194700
2024-06-03,10.05,10.05,9.8,9.93,660100
2024-06-04,9.86,9.91,9.8,9.9,979000
2024-06-05,9.95,10.27,9.92,10.13,1553100
2024-06-06,10.08,10.13,9.78,9.82,653100
2024-06-07,9.82,9.84,9.5,9.65,1095300
2024-06-10,9.55,9.65,9.45,9.62,744000
2024-06-11,9.58,9.72,9.52,9.69,679800
2024-06-12,9.88,9.94,9.82,9.85,668300
2024-06-13,9.8,9.83,9.62,9.68,546300
2024-06-14,9.61,9.61,9.42,9.44,603800
2024-06-17,9.43,9.49,9.31,9.45,753700
2024-06-18,9.42,9.72,9.42,9.72,931800
2024-06-20,9.7,9.94,9.7,9.87,1098000
2024-06-21,9.84,9.89,9.63,9.67,1805600
2024-06-24,9.71,9.8,9.6,9.63,1178300
2024-06-25,9.64,9.74,9.47,9.74,2103400
2024-06-26,9.65,9.73,9.55,9.65,587400
2024-06-27,9.81,9.93,9.74,9.9,1012000
2024-06-28,9.96,9.96,9.78,9.91,2635200
2024-07-01,9.92,9.99,9.77,9.94,990100
2024-07-02,9.94,10.04,9.83,9.87,858800
2024-07-03,9.91,10.04,9.85,9.93,450300
2024-07-05,9.9,9.92,9.8,9.87,624200
2024-07-08,9.95,10.02,9.84,9.88,610700
2024-07-09,9.87,9.96,9.84,9.88,504500
2024-07-10,9.95,10.14,9.94,10.13,585400
2024-07-11,10.33,10.34,10.17,10.27,929700
2024-07-12,10.36,10.41,10.25,10.31,1690000
2024-07-15,10.41,10.61,10.37,10.53,1689500
2024-07-16,10.63,10.86,10.58,10.8,833800
2024-07-17,10.78,10.88,10.61,10.8,875900
2024-07-18,10.7,11.0,10.7,10.8,897300
2024-07-19,10.79,10.9,10.69,10.72,845300
2024-07-22,10.8,10.87,10.71,10.8,772700
2024-07-23,10.8,10.97,10.75,10.88,970300
2024-07-24,10.87,10.93,10.69,10.72,1132300
2024-07-25,10.74,10.99,10.63,10.92,1950500
2024-07-26,11.62,11.69,10.78,11.62,2622200
2024-07-29,11.75,11.87,11.4,11.62,2923700
2024-07-30,11.73,11.96,11.6,11.81,2984100
2024-07-31,11.9,12.0,11.78,11.94,2686200
2024-08-01,11.96,12.02,11.49,11.64,1425900
2024-08-02,11.38,11.58,10.74,10.9,2965600
2024-08-05,10.3,10.46,10.0,10.04,2216100
2024-08-06,10.05,10.06,9.76,9.79,1074800
2024-08-07,9.81,9.9,9.44,9.52,1165000
2024-08-08,9.68,9.7,9.52,9.65,707100
2024-08-09,9.64,9.88,9.56,9.88,17476900
2024-08-12,9.88,10.0,9.77,9.83,2724400
2024-08-13,9.9,10.06,9.82,10.04,1599700
2024-08-14,10.07,10.08,9.72,9.73,1418100
2024-08-15,10.02,10.11,9.91,9.98,2059100
2024-08-16,9.94,9.94,9.7,9.74,1813500
2024-08-19,9.8,10.12,9.76,10.11,2067300
2024-08-20,10.08,10.09,9.73,9.75,1645100
2024-08-21,9.86,9.86,9.6,9.71,1281200
2024-08-22,9.81,9.91,9.78,9.83,1531700
2024-08-23,9.89,10.31,9.88,10.23,2439000
2024-08-26,10.28,10.31,10.12,10.24,1415300
2024-08-27,10.19,10.38,10.17,10.36,787100
2024-08-28,10.28,10.36,10.09,10.11,1255800
2024-08-29,10.2,10.24,10.05,10.09,918800
2024-08-30,10.17,10.22,9.95,10.14,1566100
2024-09-03,9.99,10.07,9.66,9.74,971000
2024-09-04,9.69,9.78,9.55,9.66,790400
2024-09-05,9.68,9.73,9.29,9.47,1908800
2024-09-06,9.56,9.56,9.23,9.25,1274400
2024-09-09,9.32,9.59,9.23,9.43,1528800
2024-09-10,9.41,9.43,9.22,9.33,1585100
2024-09-11,9.3,9.43,9.13,9.38,1005200
2024-09-12,9.38,9.5,9.31,9.4,785100
2024-09-13,9.49,9.59,9.4,9.55,1205600
2024-09-16,9.64,9.77,9.5,9.67,1292200
2024-09-17,9.76,9.98,9.7,9.86,1209700
2024-09-18,9.89,10.03,9.82,9.86,1029800
2024-09-19,10.09,10.22,9.99,10.19,1138200
2024-09-20,10.19,10.23,10.07,10.09,2766500
2024-09-23,10.17,10.22,10.07,10.09,657200
2024-09-24,10.15,10.32,10.1,10.3,842000
2024-09-25,10.31,10.4,10.12,10.12,1260700
2024-09-26,10.24,10.26,10.0,10.02,1311000
2024-09-27,10.06,10.18,9.94,10.08,795900
2024-09-30,9.97,10.06,9.91,9.99,1096900
2024-10-01,9.93,10.01,9.85,9.98,812200
2024-10-02,9.92,10.03,9.88,9.88,818900
2024-10-03,9.8,9.88,9.62,9.68,1566300
2024-10-04,9.75,9.92,9.7,9.89,1793300
2024-10-07,9.84,9.87,9.68,9.78,1438700
2024-10-08,9.82,9.93,9.78,9.86,832300
2024-10-09,9.87,9.96,9.82,9.83,639800
2024-10-10,9.8,9.87,9.63,9.87,832000
2024-10-11,9.88,9.99,9.87,9.91,707300
2024-10-14,9.9,10.11,9.86,10.11,1405200
2024-10-15,10.13,10.35,10.12,10.17,1945300
2024-10-16,10.23,10.36,10.21,10.27,770900
2024-10-17,10.29,10.44,10.24,10.33,892200
2024-10-18,10.33,10.44,10.25,10.39,1507200
2024-10-21,10.39,10.45,10.27,10.37,1243600
2024-10-22,10.48,10.85,10.48,10.7,1732100
2024-10-23,10.63,10.68,10.08,10.16,1697900
2024-10-24,10.38,10.4,10.17,10.38,1073400
2024-10-25,10.89,10.91,10.13,10.47,2667300
2024-10-28,10.42,10.54,10.25,10.44,2584000
2024-10-29,10.49,10.55,10.24,10.41,1556100
2024-10-30,10.35,10.41,10.21,10.31,1519700
2024-10-31,10.26,10.39,10.11,10.35,1442900
2024-11-01,10.4,10.52,10.22,10.26,973100
2024-11-04,10.26,10.41,10.21,10.28,929400
2024-11-05,10.26,10.41,10.1,10.24,1278300
2024-11-06,10.76,10.97,10.67,10.82,2740900
2024-11-07,10.79,10.83,10.61,10.73,1999500
2024-11-08,10.73,10.88,10.65,10.81,1844700
2024-11-11,10.93,11.15,10.87,11.03,1895400
2024-11-12,11.01,11.68,10.99,11.63,2552000
2024-11-13,11.68,11.72,11.31,11.33,2150700
2024-11-14,11.36,11.49,11.27,11.47,1291700
2024-11-15,11.54,11.59,11.36,11.53,1462900
2024-11-18,11.44,11.71,11.4,11.61,1572700
2024-11-19,11.45,11.64,11.4,11.55,1224500
2024-11-20,11.56,11.73,11.39,11.73,1156200
2024-11-21,11.92,12.14,11.78,12.0,2182700
2024-11-22,12.21,12.21,11.86,12.0,1525000
2024-11-25,12.33,12.45,12.11,12.2,2484600
2024-11-26,12.13,12.16,11.9,12.0,1261500
2024-11-27,11.97,12.01,11.42,11.76,1827800
2024-11-29,11.83,12.05,11.76,11.95,712900
2024-12-02,11.96,12.01,11.65,11.69,1765900
2024-12-03,11.55,11.6,11.06,11.4,3279100
2024-12-04,11.39,11.54,11.35,11.5,992000
2024-12-05,11.47,11.61,11.41,11.45,1247700
2024-12-06,11.54,11.56,11.18,11.38,1155600
2024-12-09,11.34,11.42,11.18,11.22,908200
2024-12-10,11.31,11.53,11.22,11.45,1763000
2024-12-11,11.54,11.71,11.52,11.6,1112700
2024-12-12,11.6,11.69,11.52,11.54,849500
2024-12-13,11.59,11.64,11.28,11.39,919400
2024-12-16,11.4,11.64,11.3,11.51,4163900
2024-12-17,11.51,11.91,11.03,11.08,1908000
2024-12-18,11.14,11.29,10.48,10.6,2232100
2024-12-19,10.67,10.79,10.49,10.5,1756500
2024-12-20,10.34,10.8,10.3,10.65,3418200
2024-12-23,10.59,10.69,10.4,10.5,1780100
2024-12-24,10.48,10.69,10.48,10.69,534100
2024-12-26,10.65,10.82,10.6,10.73,558600
2024-12-27,10.64,10.72,10.51,10.57,960300
2024-12-30,10.5,10.57,10.31,10.4,799000
2024-12-31,10.49,10.54,10.41,10.5,1002600
2025-01-02,10.1,10.29,9.94,10.11,1843600
2025-01-03,10.09,10.21,9.99,10.15,3253400
2025-01-06,10.14,10.17,9.88,9.95,1579100
2025-01-07,9.98,10.03,9.6,9.77,5619600
2025-01-08,9.64,9.82,9.62,9.62,1945200
2025-01-10,9.5,9.5,9.16,9.35,1845000
2025-01-13,9.19,9.33,9.07,9.29,2688900
2025-01-14,9.33,9.47,9.17,9.4,1862800
2025-01-15,9.66,9.72,9.37,9.49,3676300
2025-01-16,9.5,9.66,9.46,9.61,1521700
2025-01-17,9.67,9.78,9.56,9.62,1798700
2025-01-21,9.71,9.85,9.68,9.78,970100
2025-01-22,9.8,9.98,9.74,9.91,1507200
2025-01-23,9.84,10.01,9.84,9.89,1279200
2025-01-24,9.83,10.04,9.8,9.94,1627100
2025-01-27,9.77,9.89,9.73,9.85,1013100
2025-01-28,9.84,9.93,9.73,9.76,1129600
2025-01-29,9.76,9.97,9.71,9.85,1309300
2025-01-30,9.99,10.04,9.78,9.82,1874300
2025-01-31,9.86,10.05,9.57,9.79,2503700
2025-02-03,9.61,10.14,9.52,9.81,2153800
2025-02-04,9.89,10.0,9.79,9.81,1271900
2025-02-05,9.86,9.91,9.69,9.72,1022400
2025-02-06,9.8,9.83,9.59,9.6,1918000
2025-02-07,9.59,9.64,9.49,9.53,1263900
2025-02-10,9.55,9.74,9.47,9.71,1805800
2025-02-11,9.69,9.82,9.59,9.75,1574200
2025-02-12,9.58,9.76,9.47,9.74,1463400
2025-02-13,9.8,9.84,9.7,9.8,1160300
2025-02-14,9.8,9.87,9.73,9.76,1231300
2025-02-18,9.75,9.82,9.38,9.44,1392100
2025-02-19,9.3,9.44,9.25,9.37,1607800
2025-02-20,9.35,9.43,9.21,9.34,1583300
2025-02-21,9.42,9.54,9.26,9.28,1683700
2025-02-24,9.3,9.37,9.15,9.27,1704100
2025-02-25,9.25,9.34,9.04,9.16,1492000
2025-02-26,9.16,9.3,9.09,9.11,1110800
2025-02-27,9.08,9.15,8.88,8.93,1162800
2025-02-28,8.93,9.12,8.89,9.12,1963200
2025-03-03,9.15,9.32,8.99,9.06,2786700
2025-03-04,8.92,8.95,8.61,8.66,2275300
2025-03-05,8.66,8.83,8.65,8.76,1700200
2025-03-06,8.66,8.75,8.53,8.64,1740700
2025-03-07,8.58,8.73,8.53,8.66,1269900
2025-03-10,8.5,8.59,8.29,8.39,1983600
2025-03-11,8.47,8.79,8.41,8.63,2979400
2025-03-12,8.68,8.78,8.56,8.6,2968500
2025-03-13,8.57,8.6,8.19,8.3,1874800
2025-03-14,8.43,8.63,8.3,8.55,1277200
2025-03-17,8.5,8.61,8.45,8.49,1519300
2025-03-18,8.48,8.51,8.35,8.5,1435100
2025-03-19,8.53,8.65,8.44,8.6,1378800
2025-03-20,8.53,8.88,8.53,8.78,1462000
2025-03-21,8.74,8.82,8.65,8.69,3554200
2025-03-24,8.87,9.1,8.85,9.05,1932200
2025-03-25,9.09,9.34,9.01,9.32,1689300
2025-03-26,9.31,9.34,9.07,9.2,1387600
2025-03-27,9.14,9.22,9.05,9.17,1150500
2025-03-28,9.1,9.16,8.89,8.96,858500
2025-03-31,8.88,9.04,8.82,8.92,2082500
2025-04-01,8.93,9.13,8.88,9.1,2321700
2025-04-02,9.0,9.18,8.99,9.13,872500
2025-04-03,8.72,8.82,8.49,8.53,1380000
2025-04-04,8.2,8.31,7.79,7.93,2336700
2025-04-07,7.65,8.07,7.47,7.73,2441400
2025-04-08,8.0,8.15,7.59,7.67,3189100
2025-04-09,7.61,8.55,7.61,8.47,2557000
2025-04-10,8.35,8.35,7.8,7.95,2310900
2025-04-11,7.88,8.23,7.74,8.21,1543700
2025-04-14,8.31,8.39,8.19,8.33,1886800
2025-04-15,8.32,8.43,8.25,8.36,1036000
2025-04-16,8.25,8.35,8.12,8.18,1791800
2025-04-17,8.22,8.32,8.16,8.23,1424400
2025-04-21,8.13,8.27,8.02,8.07,1234900
2025-04-22,8.2,8.39,8.18,8.38,813800
2025-04-23,8.64,8.82,8.46,8.51,1653900
2025-04-24,8.49,8.7,8.47,8.65,1272500
2025-04-25,8.61,8.72,8.57,8.68,895600
2025-04-28,8.68,8.73,8.59,8.71,823800
2025-04-29,8.65,8.79,8.62,8.77,977600
2025-04-30,8.64,8.74,8.55,8.7,1060000
2025-05-01,8.82,8.91,8.66,8.73,1427900
2025-05-02,8.45,9.24,8.45,9.13,2344000
2025-05-05,9.09,9.27,9.09,9.2,1487400
2025-05-06,9.1,9.19,9.03,9.06,735400
2025-05-07,9.1,9.29,9.1,9.28,1681000
2025-05-08,9.34,9.49,9.26,9.38,1650200
2025-05-09,9.38,9.45,9.31,9.44,1514700
2025-05-12,9.8,9.91,9.51,9.52,1238500
2025-05-13,9.54,9.64,9.51,9.53,1150600
2025-05-14,9.51,9.52,9.41,9.43,924100
2025-05-15,9.42,9.61,9.4,9.54,1495600
2025-05-16,9.56,9.71,9.51,9.65,1845600
2025-05-19,9.52,9.87,9.51,9.85,1013200
2025-05-20,9.81,9.82,9.65,9.73,967900
2025-05-21,9.64,9.82,9.52,9.53,1440400
2025-05-22,9.45,9.53,9.41,9.48,609200
2025-05-23,9.31,9.41,9.24,9.37,585400
2025-05-27,9.53,9.71,9.44,9.69,886400
2025-05-28,9.69,9.74,9.49,9.52,723600
2025-05-29,9.56,9.57,9.42,9.51,619800
2025-05-30,9.47,9.54,9.37,9.44,789700
2025-06-02,9.4,9.55,9.36,9.48,819900
2025-06-03,9.54,9.55,9.41,9.54,1082900
2025-06-04,9.5,9.79,9.5,9.75,1754000
2025-06-05,9.76,9.83,9.69,9.77,1172200
2025-06-06,9.94,10.0,9.87,9.91,874800
2025-06-09,9.96,10.2,9.89,10.02,1538800
2025-06-10,10.03,10.22,9.98,10.06,2007000
2025-06-11,10.1,10.44,10.1,10.31,1836400
2025-06-12,10.27,10.38,10.13,10.24,1941400
2025-06-13,10.09,10.23,10.0,10.06,1304300
2025-06-16,10.16,10.41,10.11,10.39,2483000
2025-06-17,10.28,10.4,10.11,10.13,1895400
2025-06-18,10.13,10.36,10.1,10.23,1716000
2025-06-20,10.32,10.41,10.3,10.34,2349000
2025-06-23,10.35,10.42,10.16,10.41,1554600
2025-06-24,10.58,10.8,10.52,10.66,3141300
2025-06-25,10.7,10.89,10.66,10.88,3264100
2025-06-26,10.88,11.14,10.87,11.11,3281500
2025-06-27,11.52,11.6,11.17,11.42,5388100
2025-06-30,11.47,11.58,11.36,11.51,2772300
2025-07-01,11.45,11.63,11.42,11.49,3100000
2025-07-02,11.85,12.27,11.75,12.25,6211900
2025-07-03,12.36,12.54,12.23,12.48,3065100
2025-07-07,12.45,12.56,12.17,12.24,2486000
2025-07-08,12.4,12.4,12.14,12.24,2779300
2025-07-09,12.36,12.57,12.28,12.57,2189900
2025-07-10,12.58,12.84,12.54,12.65,2341200
2025-07-11,12.67,12.74,12.51,12.73,3298400
2025-07-14,12.65,12.79,12.6,12.76,3460700
2025-07-15,12.75,12.81,12.56,12.56,3861200
2025-07-16,12.66,12.7,12.43,12.67,2211100
2025-07-17,12.67,12.97,12.67,12.93,2496400
2025-07-18,12.97,13.06,12.91,12.95,1917900
2025-07-21,13.02,13.1,12.9,12.93,1882400
2025-07-22,13.0,13.44,12.99,13.34,4076600
2025-07-23,13.36,13.61,13.24,13.59,3785600
2025-07-24,13.6,13.73,13.54,13.71,2209800
2025-07-25,13.73,13.76,13.57,13.66,2428600
2025-07-28,13.73,13.73,13.49,13.57,1631500
2025-07-29,13.56,13.64,13.31,13.38,2193200
2025-07-30,13.46,13.52,13.27,13.36,2047100
2025-07-31,13.35,13.52,13.21,13.27,2821700
2025-08-01,11.95,12.42,11.64,12.35,6047600
2025-08-04,12.58,12.79,12.49,12.73,3702200
2025-08-05,12.73,12.84,12.59,12.81,2746700
2025-08-06,12.82,13.01,12.77,12.97,1697700
2025-08-07,13.18,13.18,12.99,13.03,1526200
2025-08-08,13.19,13.24,13.07,13.07,1018000
2025-08-11,13.26,13.44,13.17,13.21,1162600
2025-08-12,13.19,13.79,13.19,13.59,17455800
2025-08-13,13.54,13.67,13.4,13.6,4552500
2025-08-14,13.65,13.69,13.49,13.55,5523000
2025-08-15,13.59,13.59,13.3,13.41,7667900
2025-08-18,13.5,13.74,13.47,13.66,4262400
2025-08-19,13.62,13.7,13.31,13.42,8424500
2025-08-20,13.39,13.45,13.02,13.06,2748700
2025-08-21,12.9,13.09,12.82,12.93,3004400
2025-08-22,13.04,13.38,12.94,13.23,2484300
2025-08-25,13.27,13.36,13.14,13.14,1691100
2025-08-26,13.21,13.42,13.16,13.39,2893200
2025-08-27,13.32,13.52,13.32,13.51,5781000
2025-08-28,13.54,13.7,13.5,13.66,3121500
2025-08-29,13.72,13.72,13.44,13.61,1509700
2025-09-02,13.45,13.55,13.27,13.51,2423600
2025-09-03,13.55,13.71,13.43,13.51,2624800
2025-09-04,13.57,13.77,13.51,13.74,2936700
2025-09-05,13.89,14.07,13.14,13.43,4904700
2025-09-08,13.46,13.73,13.4,13.6,2283000
2025-09-09,13.56,13.76,13.56,13.65,1748500
2025-09-10,13.7,13.84,13.6,13.71,3002900
2025-09-11,13.82,14.14,13.74,14.11,2623200
2025-09-12,14.1,14.37,13.99,14.33,2014400
2025-09-15,14.34,14.4,13.88,13.9,2933100
2025-09-16,13.87,13.91,13.72,13.86,1587000
2025-09-17,13.86,14.04,13.7,13.83,1216600
2025-09-18,13.94,14.47,13.86,14.47,4111800
2025-09-19,14.67,14.76,14.5,14.67,3732400
2025-09-22,14.59,14.71,14.57,14.67,3307700
2025-09-23,14.6,14.96,14.56,14.67,2752500
2025-09-24,14.77,14.84,14.35,14.35,1841700
2025-09-25,14.13,14.3,14.07,14.14,1642500
2025-09-26,14.19,14.25,13.87,13.9,1789400
2025-09-29,13.98,14.11,13.73,13.88,2231200
2025-09-30,14.06,14.09,13.77,13.9,3453400
2025-10-01,13.76,13.86,13.56,13.57,2192300
2025-10-02,13.61,13.66,13.32,13.34,3606800
2025-10-03,13.55,13.65,13.33,13.6,3086800
2025-10-06,13.75,13.93,13.66,13.86,2615100
2025-10-07,13.91,14.09,13.53,13.55,3178600
2025-10-08,13.63,13.83,13.52,13.65,2654000
2025-10-09,13.65,13.68,13.2,13.32,2005500
2025-10-10,13.41,13.58,13.01,13.04,2656000
2025-10-13,13.29,13.31,13.13,13.25,2188300
2025-10-14,13.06,13.54,13.06,13.35,3404600
2025-10-15,13.51,13.53,13.08,13.19,1892500
2025-10-16,13.2,13.2,12.83,12.9,2421200
2025-10-17,12.83,12.95,12.77,12.9,1803600
2025-10-20,13.02,13.12,12.9,13.04,2617800
2025-10-21,13.01,13.06,12.76,12.8,2571200
2025-10-22,12.8,12.92,12.43,12.57,3563700
2025-10-23,12.56,12.58,12.29,12.32,2564400
2025-10-24,12.49,12.5,12.13,12.18,2762000
2025-10-27,12.32,12.41,11.95,12.23,7424800
2025-10-28,12.26,12.35,12.02,12.13,2497800
2025-10-29,12.05,12.18,11.7,11.8,4642000
2025-10-30,11.72,11.87,11.54,11.58,3760800
2025-10-31,12.31,12.31,11.74,11.96,5298000
2025-11-03,11.97,12.19,11.65,12.0,3306400
2025-11-04,11.85,11.94,11.68,11.7,2456700
2025-11-05,11.75,11.97,11.68,11.88,2594100
2025-11-06,11.88,11.88,11.62,11.66,1505500
2025-11-07,11.64,11.71,11.49,11.58,2777700
2025-11-10,11.71,11.83,11.52,11.72,1562900
2025-11-11,11.74,11.86,11.58,11.85,2482300
2025-11-12,11.77,11.9,11.59,11.6,1352600
2025-11-13,11.54,11.62,11.4,11.5,1571400
2025-11-14,11.41,11.42,11.22,11.23,2232400
2025-11-17,11.2,11.22,10.95,11.05,2969200
2025-11-18,10.96,11.19,10.96,11.1,4352700
2025-11-19,11.13,11.19,10.88,10.95,3169600
2025-11-20,11.09,11.19,10.69,10.73,3069900
2025-11-21,10.79,10.96,10.73,10.94,3320500
2025-11-24,10.91,11.14,10.85,11.01,3445800
2025-11-25,11.07,11.25,10.85,11.0,2170500
2025-11-26,11.04,11.13,10.96,10.96,2826900
2025-11-28,10.98,11.08,10.93,11.04,1741300
2025-12-01,10.95,11.01,10.81,10.99,4047900
2025-12-02,11.02,11.16,10.9,10.91,3759400
2025-12-03,10.95,11.17,10.91,11.17,3571300
2025-12-04,11.16,11.33,11.14,11.28,3118300
2025-12-05,11.27,11.49,11.19,11.49,2439500
2025-12-08,11.54,11.77,11.5,11.62,3631300
2025-12-09,11.6,11.85,11.6,11.81,2828100
2025-12-10,11.82,11.83,11.59,11.68,3050700
2025-12-11,11.7,11.75,11.57,11.66,1898500
2025-12-12,11.67,11.84,11.65,11.83,1698100
2025-12-15,11.9,11.9,11.66,11.67,2077800
2025-12-16,11.75,11.9,11.62,11.66,3069500
2025-12-17,11.79,12.0,11.69,11.8,3829800
2025-12-18,11.9,12.11,11.9,12.1,4549000
2025-12-19,12.04,12.46,12.04,12.44,4388200
2025-12-22,12.44,12.76,12.4,12.68,3494200
2025-12-23,12.64,12.76,12.6,12.62,3276900
2025-12-24,12.57,12.6,12.4,12.55,1045600
2025-12-26,12.55,12.59,12.37,12.4,2105800
2025-12-29,12.4,12.45,12.25,12.36,1922100
2025-12-30,12.39,12.55,12.33,12.42,2357100
2025-12-31,12.43,12.45,12.18,12.19,2344300
2026-01-02,12.2,12.54,12.19,12.51,2155300
2026-01-05,12.49,13.33,12.49,13.11,3448200
2026-01-06,13.14,13.66,13.09,13.66,5141900
2026-01-07,13.58,13.63,13.14,13.17,6002700
2026-01-08,13.16,13.34,13.01,13.15,3017100
2026-01-09,13.13,13.48,13.06,13.45,6734500
2026-01-12,13.31,13.77,13.22,13.6,2840600
2026-01-13,13.73,13.73,13.32,13.37,4405700
2026-01-14,13.35,13.98,13.24,13.93,3714600
2026-01-15,13.99,14.25,13.92,14.22,3066600
2026-01-16,14.25,15.25,14.25,15.16,5814300
2026-01-20,14.92,15.32,14.85,15.17,6504600
2026-01-21,15.22,15.88,15.22,15.77,7003600
2026-01-22,15.89,16.16,15.8,15.93,3447000
2026-01-23,16.24,16.36,15.84,16.28,3944300
2026-01-26,16.4,16.5,15.84,16.18,4403700
2026-01-27,16.13,16.66,16.04,16.6,8790200
2026-01-28,16.6,17.01,16.54,16.96,6987300
2026-01-29,17.03,17.09,16.36,16.54,7446700
2026-01-30,16.26,16.65,15.67,16.2,8239200
2026-02-02,16.38,16.57,15.77,16.06,7422100
2026-02-03,16.35,16.46,15.94,16.45,6520000
2026-02-04,16.56,16.63,16.03,16.23,3986900
2026-02-05,16.17,16.22,15.42,15.5,3885900
2026-02-06,15.78,15.91,15.38,15.74,3520500
2026-02-09,15.74,16.07,15.61,15.98,5938200
2026-02-10,15.98,16.39,15.96,16.24,2677900
2026-02-11,16.4,16.45,15.54,16.06,2958100
2026-02-12,16.25,16.58,16.1,16.33,2360300
2026-02-13,16.4,16.41,16.05,16.36,1933000
2026-02-17,16.35,16.62,15.74,16.56,2302800
2026-02-18,16.53,17.09,16.43,16.98,2933600
2026-02-19,16.98,17.0,15.69,16.51,3670200
2026-02-20,16.39,16.6,16.25,16.38,2924300
2026-02-23,16.33,16.83,16.17,16.72,2937900
2026-02-24,16.81,16.81,16.29,16.69,4243300
2026-02-25,16.84,17.33,16.66,17.31,2645200
2026-02-26,17.36,17.48,16.82,17.37,3387200
2026-02-27,17.17,17.23,16.8,17.11,2640700
2026-03-02,17.04,17.66,16.87,17.52,2916200
2026-03-03,17.05,17.19,16.71,16.99,2159100
2026-03-04,17.14,17.57,17.06,17.5,1772500
2026-03-05,17.44,17.68,16.74,17.11,2741800
2026-03-06,16.78,16.82,16.31,16.62,1960900
2026-03-09,16.3,16.67,15.94,16.59,1667700
2026-03-10,16.69,16.85,16.31,16.37,1876900
2026-03-11,16.32,16.49,15.48,15.67,2023900
2026-03-12,15.43,15.52,15.08,15.14,2373900
2026-03-13,15.24,15.52,15.19,15.26,1425600
2026-03-16,15.42,15.61,14.8,14.84,1518300
2026-03-17,14.97,15.27,14.97,15.05,1853400
2026-03-18,14.9,14.95,14.23,14.26,4572900
2026-03-19,14.06,14.16,13.81,13.86,1501400
2026-03-20,13.83,14.04,13.2,13.24,3225600
2026-03-23,13.52,13.73,13.31,13.49,1594900
2026-03-24,13.9,14.49,13.72,13.91,13856700
2026-03-25,14.19,15.16,14.19,15.0,4557400
2026-03-26,14.72,14.8,14.44,14.55,2022500
2026-03-27,14.37,14.42,13.73,13.9,2636900
2026-03-30,14.01,14.25,13.82,13.92,3689700
2026-03-31,14.17,14.85,14.07,14.56,4447600
2026-04-01,14.55,14.99,14.45,14.47,5085400
2026-04-02,14.13,14.55,13.87,14.45,3928700
2026-04-06,14.3,14.99,14.28,14.94,2272100
2026-04-07,14.81,15.18,14.73,15.1,2869900
2026-04-08,15.9,16.35,15.52,15.56,4096800
2026-04-09,15.43,16.09,15.29,15.85,3130900
2026-04-10,15.9,15.94,15.7,15.84,1996700
2026-04-13,15.7,16.38,15.66,16.38,1722800
2026-04-14,16.52,17.87,16.4,17.27,6484200
2026-04-15,17.27,17.47,17.01,17.09,2472700
2026-04-16,16.85,17.03,16.39,16.46,3005100
2026-04-17,16.7,17.51,16.6,17.46,5113100
2026-04-20,17.35,18.48,17.3,18.3,6473400
2026-04-21,18.78,18.78,17.44,17.48,4427100
2026-04-22,17.88,17.92,17.09,17.19,3089700
2026-04-23,17.15,17.3,16.75,16.91,2378000
2026-04-24,17.0,17.12,16.24,16.37,3396400
2026-04-27,16.3,16.8,16.11,16.65,2564400
2026-04-28,16.71,16.82,16.27,16.72,1761600
2026-04-29,16.83,16.9,16.16,16.19,2185700
2026-04-30,16.2,17.17,16.2,17.0,3124900
2026-05-01,16.72,17.05,16.0,16.62,3884400
2026-05-04,16.62,17.57,16.61,17.28,3927700
2026-05-05,17.59,18.3,17.57,18.24,3730300
2026-05-06,18.54,19.15,18.51,19.06,4902500
2026-05-07,18.97,19.29,18.67,18.72,2919700
2026-05-08,18.89,19.16,18.66,19.1,2182500
2026-05-11,19.22,19.62,19.03,19.4,3371800
2026-05-12,19.21,19.29,18.61,18.72,2693500
2026-05-13,18.67,19.85,18.5,19.49,4526900
2026-05-14,19.7,19.81,19.18,19.81,2602500
2026-05-15,19.41,19.64,19.1,19.41,2065400
2026-05-18,19.5,19.85,19.13,19.38,2874600
2026-05-19,19.22,19.48,18.69,18.79,3620800
2026-05-20,18.99,19.49,18.84,19.22,2025100
2026-05-21,18.88,19.28,18.86,19.18,1795300
2026-05-22,19.34,19.52,19.07,19.08,1968900
2026-05-26,19.27,19.57,19.23,19.24,1707800
2026-05-27,19.31,19.33,18.77,18.87,1821100
2026-05-28,18.55,18.74,18.2,18.39,2839000
2026-05-29,18.88,19.71,18.81,19.05,5187600
2026-06-01,19.25,19.58,18.49,19.15,2839000
2026-06-02,19.1,19.52,18.94,18.95,2806400
2026-06-03,18.62,18.8,18.17,18.62,2357800
2026-06-04,18.74,19.17,18.68,18.97,2899500
2026-06-05,18.61,18.94,17.95,18.18,2323600
2026-06-08,18.54,18.62,17.57,17.59,2731600
2026-06-09,17.84,18.0,16.87,17.1,2927000
2026-06-10,16.84,17.21,16.76,16.77,3463700
2026-06-11,16.77,17.31,16.21,17.28,5766700
2026-06-12,17.43,17.98,17.24,17.97,2537100
2026-06-15,18.19,18.65,18.13,18.32,4001400
2026-06-16,18.56,18.82,18.29,18.47,3012000
2026-06-17,18.41,18.87,18.12,18.15,2254000
2026-06-18,18.57,18.89,17.85,18.31,6042700
2026-06-22,18.5,19.03,18.45,18.66,2613300
2026-06-23,18.3,19.01,18.2,18.33,3118600
2026-06-24,18.22,18.43,17.63,17.83,3756700
2026-06-25,18.18,18.32,17.23,17.31,3113300
2026-06-26,17.4,17.61,16.98,17.2,7462600
2026-06-29,17.31,17.5,16.64,16.96,3839600
2026-06-30,16.94,17.23,16.84,16.94,2610200
2026-07-01,17.02,17.76,16.9,17.61,2693100
2026-07-02,17.88,18.29,17.68,18.04,2446800
2026-07-06,18.19,18.74,18.09,18.45,2546700
2026-07-07,18.29,18.53,18.0,18.49,2789300
2026-07-08,18.24,18.86,18.23,18.7,2183000
2026-07-09,18.85,19.99,18.77,19.86,4160300
2026-07-10,19.86,20.18,19.19,19.22,3604600
2026-07-13,19.12,19.42,18.7,18.97,2231900
2026-07-14,19.19,19.58,19.17,19.53,2368400
2026-07-15,19.41,20.07,19.41,20.01,2168600
2026-07-16,19.94,20.37,19.56,20.16,2287900
2026-07-17,19.53,20.24,19.33,20.05,2212600
2026-07-20,20.13,20.7,20.07,20.24,2760700
2026-07-22,20.54,20.82,19.89,19.93,2084800
2026-07-23,19.59,19.78,19.34,19.7,1754700
2026-07-24,19.8,19.92,19.35,19.45,1325100
2026-07-27,19.77,20.0,19.35,19.71,1701400
2026-07-28,19.61,19.79,19.05,19.41,1178700
2026-07-29,19.25,19.43,18.16,18.24,3212200
2026-07-30,18.35,18.92,18.11,18.8,1961100
2026-08-03,19.46,21.29,19.42,20.99,5863100
2026-08-04,21.27,22.73,21.27,22.39,5861700
2026-08-05,22.39,23.15,21.78,22.03,4998700
2026-08-06,22.0,22.29,21.41,21.48,2125100
2026-08-07,21.8,21.94,21.21,21.25,1729000
2026-08-10,21.11,22.22,20.98,22.19,1900700
2026-08-11,22.34,22.58,21.93,22.0,1939800
2026-08-12,22.3,22.76,22.21,22.73,1699400
2026-08-13,22.83,23.29,22.37,22.7,1279900
2026-08-14,22.56,22.92,22.56,22.81,1274600
2026-08-17,23.14,23.21,22.75,23.09,1360800
2026-08-18,22.84,23.22,22.59,22.86,1228800
2026-08-19,23.33,23.46,22.93,23.36,826382
